<?xml version="1.0"?>
<ArrayOfImageDetectData xmlns:xsi="http://www.w3.org/2001/XMLSchema-instance" xmlns:xsd="http://www.w3.org/2001/XMLSchema">
  <ImageDetectData>
    <className>A</className>
    <imgName>А_2_2.png</imgName>
    <nodesBranchesCount>3</nodesBranchesCount>
    <nodesEndCount>3</nodesEndCount>
    <zondRedIntersectCount>2</zondRedIntersectCount>
    <zondBlueIntersectCount>3</zondBlueIntersectCount>
    <distance>0</distance>
  </ImageDetectData>
  <ImageDetectData>
    <className>A</className>
    <imgName>А_3_2.png</imgName>
    <nodesBranchesCount>3</nodesBranchesCount>
    <nodesEndCount>3</nodesEndCount>
    <zondRedIntersectCount>2</zondRedIntersectCount>
    <zondBlueIntersectCount>2</zondBlueIntersectCount>
    <distance>0</distance>
  </ImageDetectData>
  <ImageDetectData>
    <className>A</className>
    <imgName>А_3_2_2.png</imgName>
    <nodesBranchesCount>3</nodesBranchesCount>
    <nodesEndCount>3</nodesEndCount>
    <zondRedIntersectCount>2</zondRedIntersectCount>
    <zondBlueIntersectCount>2</zondBlueIntersectCount>
    <distance>0</distance>
  </ImageDetectData>
  <ImageDetectData>
    <className>A</className>
    <imgName>А_4_2.png</imgName>
    <nodesBranchesCount>2</nodesBranchesCount>
    <nodesEndCount>2</nodesEndCount>
    <zondRedIntersectCount>3</zondRedIntersectCount>
    <zondBlueIntersectCount>2</zondBlueIntersectCount>
    <distance>0</distance>
  </ImageDetectData>
  <ImageDetectData>
    <className>A</className>
    <imgName>А_4_2_2.png</imgName>
    <nodesBranchesCount>5</nodesBranchesCount>
    <nodesEndCount>5</nodesEndCount>
    <zondRedIntersectCount>2</zondRedIntersectCount>
    <zondBlueIntersectCount>3</zondBlueIntersectCount>
    <distance>0</distance>
  </ImageDetectData>
  <ImageDetectData>
    <className>K</className>
    <imgName>К_3_2.png</imgName>
    <nodesBranchesCount>4</nodesBranchesCount>
    <nodesEndCount>4</nodesEndCount>
    <zondRedIntersectCount>2</zondRedIntersectCount>
    <zondBlueIntersectCount>0</zondBlueIntersectCount>
    <distance>0</distance>
  </ImageDetectData>
  <ImageDetectData>
    <className>K</className>
    <imgName>К_4_1.png</imgName>
    <nodesBranchesCount>2</nodesBranchesCount>
    <nodesEndCount>4</nodesEndCount>
    <zondRedIntersectCount>3</zondRedIntersectCount>
    <zondBlueIntersectCount>0</zondBlueIntersectCount>
    <distance>0</distance>
  </ImageDetectData>
  <ImageDetectData>
    <className>K</className>
    <imgName>К_4_1_2.png</imgName>
    <nodesBranchesCount>2</nodesBranchesCount>
    <nodesEndCount>4</nodesEndCount>
    <zondRedIntersectCount>3</zondRedIntersectCount>
    <zondBlueIntersectCount>0</zondBlueIntersectCount>
    <distance>0</distance>
  </ImageDetectData>
  <ImageDetectData>
    <className>K</className>
    <imgName>К_4_2.png</imgName>
    <nodesBranchesCount>2</nodesBranchesCount>
    <nodesEndCount>4</nodesEndCount>
    <zondRedIntersectCount>2</zondRedIntersectCount>
    <zondBlueIntersectCount>0</zondBlueIntersectCount>
    <distance>0</distance>
  </ImageDetectData>
  <ImageDetectData>
    <className>K</className>
    <imgName>К_5_2.png</imgName>
    <nodesBranchesCount>2</nodesBranchesCount>
    <nodesEndCount>4</nodesEndCount>
    <zondRedIntersectCount>2</zondRedIntersectCount>
    <zondBlueIntersectCount>2</zondBlueIntersectCount>
    <distance>0</distance>
  </ImageDetectData>
  <ImageDetectData>
    <className>Y</className>
    <imgName>У_3_1.png</imgName>
    <nodesBranchesCount>1</nodesBranchesCount>
    <nodesEndCount>3</nodesEndCount>
    <zondRedIntersectCount>1</zondRedIntersectCount>
    <zondBlueIntersectCount>0</zondBlueIntersectCount>
    <distance>0</distance>
  </ImageDetectData>
  <ImageDetectData>
    <className>Y</className>
    <imgName>У_3_1_2.png</imgName>
    <nodesBranchesCount>1</nodesBranchesCount>
    <nodesEndCount>3</nodesEndCount>
    <zondRedIntersectCount>2</zondRedIntersectCount>
    <zondBlueIntersectCount>0</zondBlueIntersectCount>
    <distance>0</distance>
  </ImageDetectData>
  <ImageDetectData>
    <className>Y</className>
    <imgName>У_3_1_3.png</imgName>
    <nodesBranchesCount>1</nodesBranchesCount>
    <nodesEndCount>3</nodesEndCount>
    <zondRedIntersectCount>1</zondRedIntersectCount>
    <zondBlueIntersectCount>0</zondBlueIntersectCount>
    <distance>0</distance>
  </ImageDetectData>
  <ImageDetectData>
    <className>Y</className>
    <imgName>У_3_2.png</imgName>
    <nodesBranchesCount>3</nodesBranchesCount>
    <nodesEndCount>3</nodesEndCount>
    <zondRedIntersectCount>2</zondRedIntersectCount>
    <zondBlueIntersectCount>4</zondBlueIntersectCount>
    <distance>0</distance>
  </ImageDetectData>
  <ImageDetectData>
    <className>Y</className>
    <imgName>У_4_1.png</imgName>
    <nodesBranchesCount>1</nodesBranchesCount>
    <nodesEndCount>3</nodesEndCount>
    <zondRedIntersectCount>1</zondRedIntersectCount>
    <zondBlueIntersectCount>0</zondBlueIntersectCount>
    <distance>0</distance>
  </ImageDetectData>
</ArrayOfImageDetectData>